Intent_ID,Keyword,_id
1,life,6010429dc0187350b86f96d0
1,42,6010429dc0187350b86f96d1
1,marvin,6010429dc0187350b86f96d2
1,arthur,6010429dc0187350b86f96d3
2,hello,6010429dc0187350b86f96d4
2,hi,6010429dc0187350b86f96d5
2,how are you,6010429dc0187350b86f96d6
2,morning,6010429dc0187350b86f96d7
2,evening,6010429dc0187350b86f96d8
2,night,6010429dc0187350b86f96d9
2,hei,6010429dc0187350b86f96da
3,time,6010429dc0187350b86f96db
3,clock,6010429dc0187350b86f96dc
3,date,6010429dc0187350b86f96dd
3,year,6010429dc0187350b86f96de
4,real,6010429dc0187350b86f96df
4,person,6010429dc0187350b86f96e0
4,personality,6010429dc0187350b86f96e1
4,alive,6010429dc0187350b86f96e2
4,centient,6010429dc0187350b86f96e3
4,sentient,6010429dc0187350b86f96e4
4,prototype,6010429dc0187350b86f96e5
5,murder,6010429dc0187350b86f96e6
5,kill,6010429dc0187350b86f96e7
5,commit,6010429dc0187350b86f96e8
5,get away with,6010429dc0187350b86f96e9
6,love,6010429dc0187350b86f96ea
6,romance,6010429dc0187350b86f96eb
6,problems,6010429dc0187350b86f96ec
6,problem,6010429dc0187350b86f96ed
8,human,6044f1cbe8244b1ec2404633
8,person,6044f1cbe8244b1ec2404634
8,real,6044f1cbe8244b1ec2404635
8,alive,6044f1cbe8244b1ec2404636
9,age,6044f1cbe8244b1ec2404637
9,old,6044f1cbe8244b1ec2404638
9,year,6044f1cbe8244b1ec2404639
10,weather,6044f1cbe8244b1ec240463a
11,live,6044f1cbe8244b1ec240463b
11,house,6044f1cbe8244b1ec240463c